resolution,image,pieces,run,total_ms,preprocessing_ms,connected_components_ms,boundary_extraction_ms,contour_extraction_ms,contour_smoothing_ms,enclosing_circle_ms,radial_signal_ms,signal_smoothing_ms,peak_detection_ms,edge_classification_ms,visualization_ms
1024x1409,31_19_p2.jpg,31,1,262.944,126.942,7.580,1.175,1.663,0.069,0.006,0.007,0.092,0.110,0.010,112.799
1024x1409,31_19_p2.jpg,31,2,264.562,126.785,7.620,1.220,1.627,0.062,0.013,0.002,0.090,0.111,0.008,114.557
1024x1409,31_19_p2.jpg,31,3,267.093,127.762,8.382,1.190,1.699,0.069,0.007,0.005,0.092,0.111,0.006,115.198
1024x1409,31_19_p2.jpg,31,4,265.201,127.031,8.327,1.195,1.680,0.067,0.008,0.003,0.095,0.123,0.010,114.229
1024x1409,31_19_p2.jpg,31,5,267.653,127.063,8.453,1.209,1.662,0.075,0.008,0.004,0.096,0.107,0.009,116.502
1024x1409,45_1_p2.jpg,45,1,267.841,133.977,9.987,1.843,2.343,0.126,0.012,0.007,0.122,0.145,0.021,105.549
1024x1409,45_1_p2.jpg,45,2,257.543,125.320,9.450,1.745,2.295,0.096,0.010,0.002,0.120,0.148,0.012,106.045
1024x1409,45_1_p2.jpg,45,3,257.042,124.963,9.528,1.758,2.295,0.093,0.014,0.003,0.119,0.142,0.009,105.635
1024x1409,45_1_p2.jpg,45,4,259.894,126.832,9.498,1.828,2.321,0.101,0.006,0.002,0.125,0.152,0.010,105.868
1024x1409,45_1_p2.jpg,45,5,257.475,125.319,9.490,1.733,2.352,0.100,0.006,0.010,0.122,0.142,0.010,105.844
1024x1409,69_4_p1.jpg,69,1,282.409,123.923,11.840,2.453,3.274,0.122,0.014,0.014,0.164,0.197,0.018,126.837
1024x1409,69_4_p1.jpg,69,2,283.348,123.981,11.804,2.479,3.326,0.144,0.012,0.007,0.174,0.203,0.014,127.861
1024x1409,69_4_p1.jpg,69,3,282.025,123.475,11.850,2.412,3.321,0.129,0.016,0.004,0.170,0.195,0.021,127.013
1024x1409,69_4_p1.jpg,69,4,283.115,123.896,11.856,2.448,3.377,0.131,0.017,0.010,0.167,0.199,0.014,127.509
1024x1409,69_4_p1.jpg,69,5,285.932,124.715,11.935,2.442,3.334,0.128,0.014,0.008,0.167,0.207,0.017,129.262
2048x2817,31_19_p2.jpg,31,1,1018.019,504.412,53.750,4.620,3.236,0.142,0.013,0.011,0.202,0.253,0.018,403.861
2048x2817,31_19_p2.jpg,31,2,1018.247,503.985,53.408,4.578,3.259,0.141,0.013,0.010,0.198,0.237,0.015,404.485
2048x2817,31_19_p2.jpg,31,3,1032.951,508.123,53.843,4.653,3.333,0.141,0.011,0.014,0.208,0.238,0.016,415.483
2048x2817,31_19_p2.jpg,31,4,1032.656,512.538,54.016,4.745,3.316,0.141,0.016,0.008,0.207,0.253,0.018,409.059
2048x2817,31_19_p2.jpg,31,5,1022.429,505.410,53.096,4.640,3.255,0.137,0.020,0.006,0.196,0.235,0.013,408.692
2048x2817,45_1_p2.jpg,45,1,1003.351,503.820,46.054,6.971,4.773,0.182,0.017,0.010,0.257,0.321,0.028,392.816
2048x2817,45_1_p2.jpg,45,2,991.991,498.796,44.954,6.887,4.587,0.189,0.018,0.010,0.260,0.313,0.022,388.783
2048x2817,45_1_p2.jpg,45,3,992.375,498.509,44.951,6.878,4.610,0.185,0.020,0.012,0.258,0.305,0.023,389.760
2048x2817,45_1_p2.jpg,45,4,993.108,498.202,44.847,6.924,4.652,0.191,0.014,0.013,0.258,0.318,0.024,388.177
2048x2817,45_1_p2.jpg,45,5,998.969,502.277,46.242,6.755,4.639,0.195,0.015,0.010,0.255,0.311,0.023,388.672
2048x2817,69_4_p1.jpg,69,1,1092.222,492.823,70.025,9.447,6.844,0.271,0.026,0.015,0.384,0.442,0.035,461.224
2048x2817,69_4_p1.jpg,69,2,1099.386,494.744,71.619,9.541,6.851,0.279,0.024,0.015,0.384,0.445,0.031,464.536
2048x2817,69_4_p1.jpg,69,3,1096.314,493.741,70.310,9.622,6.862,0.267,0.033,0.016,0.371,0.468,0.028,463.532
2048x2817,69_4_p1.jpg,69,4,1089.981,493.692,70.483,9.481,6.897,0.280,0.026,0.020,0.378,0.445,0.038,457.339
2048x2817,69_4_p1.jpg,69,5,1098.248,494.816,70.813,9.747,6.946,0.267,0.026,0.020,0.381,0.440,0.036,464.141
4096x5635,31_19_p2.jpg,31,1,4317.298,2038.251,700.819,19.323,6.775,0.285,0.028,0.010,0.409,0.503,0.028,1368.230
4096x5635,31_19_p2.jpg,31,2,4352.900,2046.354,727.161,19.430,6.724,0.298,0.027,0.018,0.414,0.485,0.029,1369.225
4096x5635,31_19_p2.jpg,31,3,4316.668,2042.775,695.099,19.747,6.809,0.293,0.029,0.007,0.407,0.482,0.029,1369.720
4096x5635,31_19_p2.jpg,31,4,4293.262,2035.050,693.648,19.180,6.708,0.288,0.026,0.011,0.407,0.484,0.031,1355.613
4096x5635,31_19_p2.jpg,31,5,4323.030,2043.471,695.524,19.376,6.718,0.298,0.026,0.015,0.421,0.486,0.030,1373.382
4096x5635,45_1_p2.jpg,45,1,3899.817,2017.800,312.221,29.485,9.503,0.379,0.039,0.021,0.523,0.648,0.039,1342.976
4096x5635,45_1_p2.jpg,45,2,3886.484,2012.261,316.452,29.680,9.471,0.387,0.036,0.021,0.524,0.638,0.040,1330.560
4096x5635,45_1_p2.jpg,45,3,3922.636,2019.601,321.173,29.360,9.468,0.367,0.037,0.019,0.525,0.678,0.038,1343.376
4096x5635,45_1_p2.jpg,45,4,3898.653,2016.619,310.952,29.459,9.503,0.373,0.033,0.019,0.541,0.634,0.040,1343.685
4096x5635,45_1_p2.jpg,45,5,3906.641,2019.466,311.770,29.864,9.520,0.380,0.031,0.017,0.553,0.641,0.042,1350.333
4096x5635,69_4_p1.jpg,69,1,4433.041,1986.809,567.153,40.948,14.093,0.550,0.053,0.032,0.767,0.928,0.058,1619.267
4096x5635,69_4_p1.jpg,69,2,4453.410,1986.891,569.433,41.106,14.055,0.537,0.053,0.024,0.760,0.922,0.054,1638.188
4096x5635,69_4_p1.jpg,69,3,4442.350,1986.581,559.354,40.473,14.015,0.530,0.054,0.038,0.787,0.913,0.055,1637.332
4096x5635,69_4_p1.jpg,69,4,4457.435,1988.149,569.788,40.920,13.927,0.535,0.052,0.029,0.752,0.922,0.056,1641.382
4096x5635,69_4_p1.jpg,69,5,4450.400,1988.716,564.704,41.425,14.099,0.547,0.058,0.013,0.774,0.927,0.055,1641.665
5100x7016,31_19_p2.jpg,31,1,6588.434,3174.146,1338.321,29.697,8.661,0.359,0.035,0.014,0.510,0.657,0.039,1773.138
5100x7016,31_19_p2.jpg,31,2,6613.651,3181.032,1343.587,29.747,8.658,0.353,0.037,0.012,0.544,0.668,0.035,1785.175
5100x7016,31_19_p2.jpg,31,3,6606.171,3178.483,1337.903,29.819,8.733,0.354,0.035,0.015,0.517,0.642,0.037,1788.219
5100x7016,31_19_p2.jpg,31,4,6598.352,3173.869,1339.407,29.634,8.652,0.372,0.031,0.020,0.517,0.643,0.036,1784.925
5100x7016,31_19_p2.jpg,31,5,6605.594,3172.857,1342.023,29.711,8.629,0.355,0.034,0.017,0.509,0.667,0.038,1790.791
5100x7016,45_1_p2.jpg,45,1,5887.192,3141.642,588.447,45.279,12.343,0.479,0.042,0.019,0.684,0.830,0.045,1829.115
5100x7016,45_1_p2.jpg,45,2,5865.160,3138.043,586.131,44.339,12.333,0.483,0.052,0.021,0.672,0.847,0.048,1814.010
5100x7016,45_1_p2.jpg,45,3,5896.077,3148.805,587.152,45.004,12.286,0.471,0.045,0.015,0.687,0.836,0.051,1835.131
5100x7016,45_1_p2.jpg,45,4,5904.711,3160.011,587.446,44.519,12.385,0.472,0.045,0.018,0.671,0.840,0.048,1831.909
5100x7016,45_1_p2.jpg,45,5,5879.118,3135.702,587.773,44.353,12.292,0.470,0.044,0.014,0.666,0.837,0.047,1829.750
5100x7016,69_4_p1.jpg,69,1,6893.205,3103.092,1132.273,61.880,17.960,0.678,0.060,0.020,0.979,1.182,0.068,2285.503
5100x7016,69_4_p1.jpg,69,2,6878.485,3100.713,1118.026,62.113,18.000,0.692,0.067,0.027,0.972,1.201,0.067,2290.205
5100x7016,69_4_p1.jpg,69,3,6901.084,3108.448,1126.363,61.818,18.033,0.668,0.062,0.030,0.967,1.195,0.070,2293.143
5100x7016,69_4_p1.jpg,69,4,6881.160,3100.057,1125.307,61.823,17.951,0.679,0.063,0.022,0.958,1.185,0.071,2285.710
5100x7016,69_4_p1.jpg,69,5,6889.419,3100.885,1122.937,61.212,18.035,0.666,0.077,0.022,0.949,1.203,0.075,2293.768
